Task_ID,Length_MI,PE_Requirement,File_Input_Size_KB,File_Output_Size_KB
1,216891,1,4801,285
2,24088,1,4953,202
3,277199,1,4466,169
4,333475,1,4595,1465
5,200407,1,3644,286
6,258964,1,107,121
7,134635,1,2695,528
8,4137,1,3744,405
9,2662,1,4795,1055
10,190425,1,4275,1643
11,98677,1,4226,343
12,19096,1,1495,525
13,88381,1,4755,817
14,7149,1,302,1699
15,13605,1,1252,400
16,12504,1,1568,1454
17,97048,1,3448,1283
18,29158,1,3575,500
19,112912,1,2304,742
20,23038,1,2986,1660
21,51117,1,3028,1606
22,125865,1,1288,301
23,7785,1,4764,982
24,163875,1,4416,134
25,299308,1,2564,1485
26,4324,1,1580,147
27,61565,1,1218,816
28,185046,1,4853,1577
29,378524,1,2502,387
30,285327,1,3700,1066
31,89581,1,2590,1852
32,160946,1,395,209
33,37272,1,2904,1944
34,134046,1,3033,845
35,274867,1,1981,991
36,5744,1,3535,1108
37,48003,1,3406,897
38,51800,1,1082,1290
39,346271,1,3305,1476
40,746274,1,913,1609
41,23388,1,222,1507
42,23840,1,4545,1208
43,6482,1,4222,598
44,5380,1,3140,1925
45,16143,1,3044,1707
46,73062,1,2296,725
47,277663,1,2645,531
48,103667,1,372,142
49,1028,1,3959,1907
50,198705,1,4524,349
51,224608,1,4028,1656
52,256307,1,3596,964
53,152784,1,2465,625
54,245111,1,1353,755
55,6977,1,3632,1830
56,45933,1,152,1971
57,50940,1,4255,411
58,81985,1,3681,1870
59,9453,1,4065,855
60,238899,1,4231,797
61,12262,1,4330,1586
62,379262,1,3320,698
63,87970,1,1552,644
64,154859,1,3925,1988
65,65651,1,2023,87
66,21048,1,4797,1257
67,79497,1,646,1496
68,107581,1,3876,618
69,201312,1,462,1276
70,1170,1,861,527
71,92895,1,1579,266
72,90886,1,2535,1712
73,4427,1,4305,1768
74,17467,1,3092,299
75,30770,1,3617,1909
76,61068,1,2300,314
77,7160,1,2028,96
78,88273,1,2824,857
79,402214,1,396,348
80,3561,1,2141,1599
81,10728,1,4992,1089
82,8301,1,4194,1336
83,3164,1,2499,904
84,45237,1,797,885
85,346760,1,4994,318
86,12168,1,1601,292
87,95448,1,2677,362
88,4660,1,1408,406
89,116344,1,3429,255
90,6503,1,2274,720
91,56028,1,2995,1710
92,113628,1,896,1664
93,15418,1,4816,504
94,116079,1,3899,483
95,253326,1,275,282
96,754880,1,429,627
97,182503,1,2451,638
98,84655,1,793,108
99,12640,1,351,189
100,9680,1,1737,1842
101,240289,1,4131,1224
102,113245,1,4803,1838
103,31394,1,1638,417
104,240844,1,3228,1886
105,106550,1,4293,835
106,19952,1,3407,204
107,92012,1,1565,265
108,61118,1,2500,95
109,2345,1,4989,1253
110,25921,1,2704,720
111,57214,1,2573,85
112,219124,1,3299,1131
113,5117,1,3017,372
114,31775,1,4153,1259
115,17886,1,1229,161
116,23585,1,2622,444
117,16577,1,4631,848
118,2284,1,2117,1781
119,159664,1,3384,1800
120,103084,1,2303,1799
121,127044,1,3221,1730
122,110010,1,2136,1556
123,49643,1,2715,850
124,428428,1,2053,1372
125,23551,1,4930,1960
126,33792,1,3909,1500
127,90341,1,1007,990
128,33732,1,3689,789
129,90000,1,4418,1457
130,16045,1,2917,1700
131,124757,1,852,1201
132,89521,1,3224,1190
133,95646,1,2132,1293
134,26141,1,339,525
135,91396,1,1594,354
136,29989,1,1124,755
137,46827,1,2624,1968
138,55356,1,2240,1427
139,22616,1,947,68
140,13200,1,4341,1385
141,98318,1,4610,628
142,95294,1,4812,1323
143,17885,1,1732,1296
144,13190,1,4710,510
145,40958,1,1926,962
146,40515,1,3726,141
147,120223,1,171,265
148,98529,1,123,1031
149,6859,1,3595,305
150,173144,1,3920,370
151,148275,1,667,948
152,242934,1,2093,1167
153,135903,1,1624,1719
154,5433,1,2489,225
155,311134,1,2503,1867
156,57066,1,1782,453
157,19595,1,2521,144
158,54715,1,4855,1414
159,1519,1,2434,1083
160,102995,1,2387,339
161,8716,1,4219,1129
162,88452,1,2182,1198
163,73394,1,4680,1755
164,58445,1,1924,1160
165,152333,1,301,1236
166,261323,1,4328,1598
167,35177,1,3560,977
168,384951,1,453,1438
169,160939,1,1984,964
170,14634,1,1417,1853
171,23200,1,1888,1714
172,56698,1,3191,1156
173,60473,1,1680,944
174,113468,1,3993,227
175,31473,1,2825,807
176,12074,1,135,233
177,382302,1,1694,856
178,104014,1,3206,1381
179,68473,1,1983,1686
180,38900,1,4496,1701
181,309759,1,969,699
182,439756,1,4820,463
183,190471,1,4319,930
184,355799,1,3147,1520
185,11500,1,3910,1687
186,20138,1,2977,501
187,8262,1,2750,245
188,48855,1,4947,472
189,20497,1,2142,1091
190,66952,1,3485,118
191,261107,1,2451,347
192,48482,1,4555,927
193,18341,1,2967,690
194,59215,1,4549,436
195,240853,1,1294,82
196,138706,1,2278,69
197,42409,1,1769,544
198,128168,1,1296,338
199,47685,1,207,1516
200,307369,1,1494,566
201,1888,1,108,1264
202,8870,1,3801,1464
203,94475,1,4030,1183
204,65311,1,221,1053
205,20284,1,1039,868
206,230051,1,4348,1481
207,16288,1,4820,939
208,2947,1,3290,1731
209,18668,1,243,610
210,6969,1,2304,1227
211,316425,1,1268,1173
212,10940,1,3838,1767
213,20427,1,4345,1557
214,112796,1,4282,1016
215,14766,1,338,433
216,259294,1,4820,108
217,71728,1,3981,1566
218,154940,1,300,448
219,232848,1,2321,1532
220,30087,1,1694,1620
221,104434,1,3138,1170
222,11603,1,599,972
223,25125,1,2591,597
224,30465,1,3155,718
225,16610,1,4557,1212
226,258879,1,2565,1467
227,235498,1,2748,1164
228,114976,1,1305,957
229,4375,1,3823,161
230,7968,1,2673,1636
231,12216,1,4234,1987
232,85806,1,838,668
233,20239,1,1539,1835
234,142876,1,374,1735
235,20798,1,4449,846
236,3580,1,503,1493
237,613794,1,2529,936
238,282391,1,2018,572
239,165585,1,2633,1074
240,143820,1,1462,1785
241,135105,1,4385,364
242,56040,1,4034,751
243,140505,1,349,1646
244,4130,1,4128,1227
245,38313,1,1156,311
246,107088,1,2974,1039
247,20353,1,492,372
248,79483,1,2559,1090
249,49608,1,3408,1247
250,26414,1,4645,74
251,27026,1,649,1514
252,183963,1,2669,527
253,44964,1,644,460
254,34305,1,2358,1766
255,104592,1,1805,1323
256,10854,1,2404,224
257,65705,1,2956,1259
258,44448,1,1800,627
259,36987,1,2544,1241
260,13101,1,1631,1978
261,89849,1,2067,963
262,30143,1,1896,1263
263,41222,1,1799,396
264,21723,1,3197,1564
265,36105,1,4267,1754
266,54275,1,3989,819
267,139121,1,4925,1081
268,4449,1,1241,330
269,3466,1,4975,1096
270,7563,1,3652,372
271,339283,1,4911,341
272,1000,1,2585,1310
273,39803,1,1404,800
274,82104,1,2045,625
275,12570,1,3920,1363
276,122169,1,186,839
277,102968,1,4288,1093
278,338373,1,1488,1883
279,26466,1,2700,984
280,83552,1,2744,582
281,67189,1,3577,506
282,141465,1,707,244
283,900000,1,939,1677
284,78049,1,3775,1738
285,325231,1,4238,1210
286,141326,1,1665,336
287,317641,1,4489,556
288,568986,1,1393,1338
289,23338,1,1599,411
290,16723,1,3391,138
291,87011,1,3209,1556
292,394727,1,2133,225
293,24259,1,397,194
294,113834,1,1175,258
295,22189,1,4286,1177
296,115408,1,3545,820
297,31867,1,1446,1542
298,242280,1,4697,356
299,385787,1,1375,171
300,35567,1,2213,54
301,162205,1,2193,776
302,361240,1,2378,785
303,96286,1,1019,1809
304,34234,1,1370,1853
305,767694,1,1912,420
306,17788,1,3932,966
307,4143,1,4665,757
308,145821,1,4314,1977
309,58357,1,3281,297
310,115658,1,3108,859
311,20868,1,1089,774
312,2146,1,1559,56
313,144012,1,3211,600
314,4139,1,2851,1782
315,20822,1,1758,148
316,163301,1,245,1068
317,14379,1,4092,307
318,28388,1,512,57
319,56215,1,1993,1255
320,9262,1,2099,1128
321,177200,1,3867,1344
322,425849,1,3214,773
323,109014,1,2180,1991
324,110462,1,4888,1140
325,173062,1,4198,1222
326,2506,1,3419,412
327,3219,1,2225,1431
328,287892,1,1187,729
329,142092,1,4408,567
330,65416,1,3302,1756
331,7781,1,969,1529
332,184455,1,480,672
333,53879,1,686,59
334,11590,1,2134,223
335,21679,1,2159,749
336,169023,1,688,1703
337,24908,1,1328,56
338,56827,1,1786,781
339,111407,1,1798,1607
340,42699,1,318,295
341,1519,1,2000,936
342,50230,1,3284,1272
343,159413,1,2389,597
344,581458,1,4922,1764
345,87620,1,934,1332
346,140474,1,4978,367
347,547707,1,3746,348
348,4949,1,599,369
349,6407,1,3284,223
350,64611,1,1388,1953
351,181886,1,4771,182
352,505386,1,3391,751
353,5109,1,304,1015
354,3460,1,1908,709
355,63126,1,332,328
356,94287,1,1052,167
357,129211,1,2590,890
358,33573,1,2221,108
359,184282,1,4925,1161
360,239263,1,1607,1064
361,40007,1,1043,1357
362,103795,1,1348,66
363,24150,1,1512,254
364,138591,1,902,671
365,19616,1,3470,546
366,60892,1,1273,1391
367,5348,1,3723,712
368,129493,1,770,239
369,103645,1,463,1307
370,26129,1,3972,1688
371,4530,1,4297,521
372,250981,1,1663,1922
373,224290,1,4388,460
374,38486,1,3837,1550
375,2986,1,3529,937
376,91230,1,1651,342
377,255757,1,4782,455
378,141340,1,2211,151
379,155308,1,3587,1119
380,5532,1,4275,1681
381,2736,1,4664,922
382,70819,1,1446,1086
383,4665,1,4356,423
384,36146,1,2717,879
385,34732,1,2031,718
386,235512,1,2147,270
387,10639,1,4523,1773
388,120771,1,2870,90
389,26955,1,3182,1538
390,133335,1,475,943
391,243988,1,3738,1435
392,28487,1,1521,155
393,1365,1,2248,1007
394,17351,1,4126,1569
395,39305,1,122,592
396,17252,1,3723,53
397,36620,1,784,791
398,11699,1,2023,544
399,3543,1,1285,1866
400,58332,1,2810,1497
401,66801,1,625,1902
402,139328,1,4279,1921
403,427783,1,3521,1846
404,21481,1,281,1874
405,22488,1,1222,825
406,5092,1,2696,1763
407,26347,1,2993,542
408,48251,1,2819,1679
409,1109,1,4025,1913
410,12967,1,659,1763
411,134432,1,1760,1968
412,4285,1,3884,1558
413,98366,1,3696,1813
414,32923,1,3941,1059
415,8713,1,3289,1844
416,6795,1,4445,1760
417,36872,1,3409,818
418,62855,1,2517,1984
419,131022,1,3240,1227
420,115633,1,1680,534
421,267906,1,4204,1865
422,5619,1,421,831
423,3481,1,2801,1128
424,10554,1,3557,1842
425,26135,1,2855,1909
426,130890,1,1710,1419
427,230065,1,2256,1058
428,35915,1,3376,1013
429,21495,1,3892,367
430,5006,1,2612,543
431,87446,1,4905,800
432,209576,1,986,1786
433,47395,1,4585,362
434,103837,1,106,463
435,10674,1,4636,1939
436,326910,1,1890,1484
437,116546,1,139,650
438,215153,1,515,672
439,28995,1,1475,319
440,29999,1,1775,1966
441,28926,1,4603,1661
442,442436,1,1282,1085
443,78369,1,1249,243
444,207057,1,3079,1889
445,95931,1,684,1642
446,97507,1,4580,896
447,172591,1,3477,1955
448,15643,1,661,660
449,4517,1,2110,1520
450,53729,1,4057,190
451,73415,1,2822,1237
452,523278,1,1735,1824
453,125971,1,3785,1798
454,26061,1,3790,1136
455,30549,1,4500,1666
456,21540,1,2876,1882
457,55675,1,2629,415
458,98433,1,3831,439
459,32956,1,1733,1019
460,75837,1,2440,398
461,26045,1,2296,1603
462,26685,1,3807,1482
463,23115,1,806,534
464,64254,1,604,1072
465,573935,1,4892,1453
466,96255,1,369,1033
467,14993,1,3739,111
468,46976,1,515,1970
469,42190,1,1114,716
470,12451,1,141,1450
471,44247,1,1245,1189
472,7782,1,2330,1087
473,98987,1,4527,1725
474,23134,1,1567,712
475,256971,1,1264,989
476,245517,1,4523,295
477,146927,1,758,1189
478,26647,1,635,785
479,32300,1,2793,638
480,1867,1,2704,1129
481,71604,1,1722,307
482,292925,1,614,822
483,43973,1,2160,1886
484,255910,1,1531,1402
485,11624,1,2846,1319
486,34731,1,2400,1490
487,22188,1,2301,1380
488,382117,1,1014,1499
489,26397,1,854,916
490,1715,1,842,1332
491,35287,1,384,1096
492,43702,1,1720,1848
493,122699,1,426,1643
494,282893,1,4926,1380
495,155327,1,4212,669
496,101173,1,168,566
497,169208,1,1971,1468
498,73808,1,1819,1704
499,105254,1,604,677
500,227154,1,4979,1599
