task_id,length_mi,container,expected_exec_s,actual_exec_s,success,output,timestamp
27,61565,container_fastest,0.1539,1.2275,True,Task 27 selesai: 0.161s,2026-09-30T19:01:47.334566
24,163875,container_fastest,0.4097,1.6707,True,Task 24 selesai: 0.488s,2026-09-30T19:01:47.739566
30,285327,container_fastest,0.7133,1.7856,True,Task 30 selesai: 0.792s,2026-09-30T19:01:47.842643
25,299308,container_fastest,0.7483,1.7895,True,Task 25 selesai: 0.792s,2026-09-30T19:01:47.845157
2,24088,container_fastest,0.1,1.8282,True,Task 2 selesai: 0.100s,2026-09-30T19:01:47.948044
16,12504,container_fastest,0.1,1.8202,True,Task 16 selesai: 0.100s,2026-09-30T19:01:47.952023
15,13605,container_medium,0.1,1.9364,True,Task 15 selesai: 0.100s,2026-09-30T19:01:48.066741
23,7785,container_medium,0.1,1.9351,True,Task 23 selesai: 0.186s,2026-09-30T19:01:48.069973
9,2662,container_medium,0.1,1.9245,True,Task 9 selesai: 0.100s,2026-09-30T19:01:48.073167
8,4137,container_fastest,0.1,1.9279,True,Task 8 selesai: 0.100s,2026-09-30T19:01:48.076122
21,51117,container_fastest,0.1278,1.9694,True,Task 21 selesai: 0.190s,2026-09-30T19:01:48.079066
11,98677,container_fastest,0.2467,2.0016,True,Task 11 selesai: 0.276s,2026-09-30T19:01:48.082946
14,7149,container_fastest,0.1,1.9421,True,Task 14 selesai: 0.100s,2026-09-30T19:01:48.086350
18,29158,container_medium,0.1458,2.0028,True,Task 18 selesai: 0.189s,2026-09-30T19:01:48.120907
29,378524,container_fastest,0.9463,2.0997,True,Task 29 selesai: 0.986s,2026-09-30T19:01:48.153723
28,185046,container_fastest,0.4626,2.0932,True,Task 28 selesai: 0.479s,2026-09-30T19:01:48.158633
12,19096,container_fastest,0.1,2.0359,True,Task 12 selesai: 0.100s,2026-09-30T19:01:48.163750
19,112912,container_fastest,0.2823,2.0896,True,Task 19 selesai: 0.286s,2026-09-30T19:01:48.167309
26,4324,container_slowest,0.1,2.0829,True,Task 26 selesai: 0.100s,2026-09-30T19:01:48.230167
17,97048,container_medium,0.4852,2.2275,True,Task 17 selesai: 0.493s,2026-09-30T19:01:48.314822
5,200407,container_fastest,0.501,2.2717,True,Task 5 selesai: 0.501s,2026-09-30T19:01:48.333442
20,23038,container_slowest,0.2304,2.2244,True,Task 20 selesai: 0.294s,2026-09-30T19:01:48.345758
22,125865,container_medium,0.6293,2.3357,True,Task 22 selesai: 0.694s,2026-09-30T19:01:48.406619
1,216891,container_fastest,0.5422,2.4207,True,Task 1 selesai: 0.542s,2026-09-30T19:01:48.481504
10,190425,container_medium,0.9521,2.6576,True,Task 10 selesai: 1.000s,2026-09-30T19:01:48.721762
4,333475,container_medium,1.6674,2.6692,True,Task 4 selesai: 1.685s,2026-09-30T19:01:48.724048
13,88381,container_slowest,0.8838,2.8307,True,Task 13 selesai: 0.893s,2026-09-30T19:01:48.928308
6,258964,container_medium,1.2948,2.9436,True,Task 6 selesai: 1.295s,2026-09-30T19:01:49.003192
7,134635,container_slowest,1.3464,3.3622,True,Task 7 selesai: 1.397s,2026-09-30T19:01:49.432712
3,277199,container_slowest,2.772,4.7843,True,Task 3 selesai: 2.795s,2026-09-30T19:01:50.842811
